번호,개방서비스명,개방서비스아이디,개방자치단체코드,관리번호,인허가일자,인허가취소일자,영업상태구분코드,영업상태명,상세영업상태코드,상세영업상태명,폐업일자,휴업시작일자,휴업종료일자,재개업일자,소재지전화,소재지면적,소재지우편번호,소재지전체주소,도로명전체주소,도로명우편번호,사업장명,최종수정시점,데이터갱신구분,데이터갱신일자,업태구분명,좌표정보x(epsg5174),좌표정보y(epsg5174),의료기관종별명,의료인수,입원실수,병상수,총면적,진료과목내용,진료과목내용명,지정취소일자,완화의료지정형태,완화의료담당부서명,구급차특수,구급차일반,총인원,구조사수,허가병상수,최초지정일자
1,응급환자이송업,01_01_07_P,6280000,2.00063E+17,2000-07-28,,1,영업/정상,1,,,,,,,,,인천광역시 남동구 구월동  1204번지 2호 흥광빌딩 2호,"인천광역시 남동구 독점로3번길 10-21, 흥광빌딩층 (구월동,흥광빌딩)",,(주)129응급환자이송단,2025-04-21 15:00,U,2025-04-23 2:40,,174276.0773,438789.3889,,0,0,0,0,,,,,,8,1,,,0,
2,응급환자이송업,01_01_07_P,6280000,2.01663E+17,2016-12-16,,1,영업/정상,1,,,,,,327773119,,,인천광역시 동구 송림동  32번지 103호 103호,인천광역시 동구 인중로 680 (송림동),,인천 911 주식회사,2021-12-14 19:53,U,2021-12-16 2:40,,168728.8763,442028.6729,,0,0,0,0,,,,,,5,1,,12,0,
3,응급환자이송업,01_01_07_P,6280000,2.01763E+17,2017-07-24,,1,영업/정상,1,,,,,,325041339,,,인천광역시 부평구 부개동  229번지 12호 12호,인천광역시 부평구 경인로 1021 (부개동),,(주)월드구급대,2018-07-09 13:34,I,2018-08-31 23:59,,176345.2144,442817.3292,,0,0,0,0,,,,,,5,0,,8,0,
4,응급환자이송업,01_01_07_P,6260000,2.00963E+17,2009-02-20,,1,영업/정상,1,,,,,,515536119,,,부산광역시 중구 보수동3가  21번지 0호 0호,"부산광역시 중구 보수대로106번길 14-0, 201호 (보수동3가)",,(주)부산코스비,2025-02-12 15:24,U,2025-02-14 2:40,,384260.1108,180278.1657,,0,0,0,0,,,,,,0,0,,,0,
5,응급환자이송업,01_01_07_P,6260000,2.00963E+17,2009-02-20,,1,영업/정상,1,,,,,,,,,부산광역시 남구 문현동  407번지 1호 1호,부산광역시 남구 수영로13번길 25-0 (문현동),,(주)부산응급환자이송단,2025-02-18 9:33,U,2025-02-20 2:40,,388599.5581,184079.9247,,0,0,0,0,,,,,,0,0,,29,0,
6,응급환자이송업,01_01_07_P,6260000,2.00963E+17,2009-02-20,,1,영업/정상,1,,,,,,518040129,,,부산광역시 남구 문현동  205번지 35호 35호,부산광역시 남구 수영로39번길 23 (문현동),,(주)사마리안129구급대,2025-05-30 10:13,U,2025-06-01 2:40,,388791.4042,184071.3856,,0,0,0,0,,,,,,0,0,,24,0,
7,응급환자이송업,01_01_07_P,6260000,2.01463E+17,2014-02-17,,1,영업/정상,1,,,,,,512460911,,,부산광역시 서구 동대신동3가  156번지 44호 44호,부산광역시 서구 대영로73번길 116-0 (동대신동3가),,(주)중앙구일일,2024-12-10 17:13,U,2024-12-12 2:40,,383781.3509,181448.8785,,0,0,0,0,,,,,,0,0,,14,0,
8,응급환자이송업,01_01_07_P,6260000,2.01463E+17,2014-09-12,,1,영업/정상,1,,,,,,,,,,부산광역시 남구 수영로69번가길 8 (문현동),,(주)비원이엠에쓰,2024-11-18 13:09,U,2024-11-20 2:40,,389141.817,183802.9016,,0,0,0,0,,,,,,5,0,,9,0,
9,응급환자이송업,01_01_07_P,6260000,2.01563E+17,2015-09-11,,1,영업/정상,1,,,,,,517110911,,,부산광역시 부산진구 범천동  839번지 19호 19호,부산광역시 부산진구 자유평화로 31-0 (범천동),,(주)시민911 지점,2022-04-04 14:33,U,2022-04-06 2:40,,387976.0176,184457.8,,0,0,0,0,,,,,,0,0,,,0,
10,응급환자이송업,01_01_07_P,6470000,2.00065E+17,2000-08-09,,1,영업/정상,1,,,2017-11-15,2018-11-14,,544354119,,,경상북도 김천시 남면 부상리 555번지 22호 22호,경상북도 김천시 남면 농남로 1048,,(주)경북응급환자이송단,2017-11-22 10:39,I,2018-08-31 23:59,,314006.1542,286017.3681,,,0,0,0,,,,,,,,,41,,
11,응급환자이송업,01_01_07_P,6470000,2.00065E+17,2000-08-29,,1,영업/정상,1,,,,,,548870119,,,경상북도 안동시 용상동  1617번지 14호 14호,경상북도 안동시 전거리길 5 (용상동),,(주)경북코스비,2017-01-23 14:50,I,2018-08-31 23:59,,356250.1639,341488.824,,,0,0,0,,,,,,,,,12,,
12,응급환자이송업,01_01_07_P,6470000,2.00065E+17,2000-09-27,,1,영업/정상,1,,,,,,548213388,,,경상북도 안동시 용상동  1616-8번지,,,(주)경북이송,2011-06-15 15:05,I,2018-08-31 23:59,,,,,,0,0,0,,,,,,,,,12,,
13,응급환자이송업,01_01_07_P,6470000,2.00065E+17,2000-10-09,,1,영업/정상,1,,,,,,545541290,,,,경상북도 문경시 신흥로 134 (점촌동),,(주)메디컬천사응급환자이송센터,2017-01-23 14:59,I,2018-08-31 23:59,,307391.1265,344223.2959,,,0,0,0,,,,,,,,,13,,
14,응급환자이송업,01_01_07_P,6470000,2.00765E+17,2007-05-07,,1,영업/정상,1,,,,,,547320094,,,경상북도 영덕군 영덕읍 화수리 408번지,,,(주)대한이송쎈타,2014-11-06 15:09,I,2018-08-31 23:59,,413322.8057,328402.8668,,,0,0,0,,,,,,,,,15,,
15,응급환자이송업,01_01_07_P,6470000,2.01165E+17,2011-09-01,,1,영업/정상,1,,,,,,538021339,,,경상북도 경산시 사동  560-5번지,,,주식회사 네오메텍 경북지사,2014-11-06 15:08,I,2018-08-31 23:59,,,,,,0,0,0,,,,,,,,,13,,
16,응급환자이송업,01_01_07_P,6460000,2.01865E+17,2018-12-27,,1,영업/정상,1,,,,,,618620129,,,전라남도 보성군 벌교읍 장좌리 621번지 0호 0호,전라남도 보성군 벌교읍 채동선로 140-0,,전남EMS,2025-05-26 9:33,U,2025-05-28 2:40,,231277.3272,148710.6311,,0,0,0,0,,,,,,11,0,,16,0,
17,응급환자이송업,01_01_07_P,6410000,2.01964E+17,2019-02-15,,1,영업/정상,1,,,,,,315310129,,,경기도 용인시 처인구 유방동  326번지 1호 연세학원 -동 1호,"경기도 용인시 처인구 백옥대로1370번길 11-17, -동 연세학원층 (유방동,연세학원)",,(주)129구급대,2025-04-29 13:57,U,2025-05-01 2:40,,218902.5179,417366.5674,,0,0,0,0,,,,,,6,0,,11,0,
18,응급환자이송업,01_01_07_P,6430000,2.01964E+17,2019-03-06,,1,영업/정상,1,,,,,,432650129,,,충청북도 청주시 흥덕구 운천동  967번지 1호 B동 1호,"충청북도 청주시 흥덕구 직지대로 751-0, B동 (운천동)",,(주) 명성이엠에스응급이송단,2020-09-28 17:47,U,2020-09-30 2:40,,242498.715,349337.085,,,0,0,0,,,,,,5,0,,9,,
19,응급환자이송업,01_01_07_P,6410000,2.02364E+17,2023-08-11,,1,영업/정상,1,,,,,,3118338085,,,경기도 안산시 상록구 본오동  672번지 9호 9호,경기도 안산시 상록구 이호로 79-0 (본오동),,(주)토브메디컬,2024-09-04 20:07,U,2024-09-06 2:40,,188018.2999,420583.1908,,0,0,0,0,,,,,,5,0,,8,0,
20,응급환자이송업,01_01_07_P,6410000,2.02364E+17,2023-07-11,,1,영업/정상,1,,,,,,318129878,,,경기도 고양시 일산동구 풍동  849번지 4호 4호,경기도 고양시 일산동구 은행마을로 38-0 (풍동),,(주)사랑메디컬,2025-03-06 17:41,U,2025-03-08 2:40,,182705.0925,462677.3177,,0,0,0,0,,,,,,5,0,,8,0,
21,응급환자이송업,01_01_07_P,6300000,2.00063E+17,2000-08-21,,1,영업/정상,1,,,,,,422210129,,,대전광역시 중구 대사동  248번지 237호 237호,대전광역시 중구 계룡로921번길 40-0 (대사동),,(주)129환자이송,2024-06-17 16:48,U,2024-06-19 2:40,,237432.9508,313526.7481,,0,0,0,0,,,,,,7,0,,11,0,
22,응급환자이송업,01_01_07_P,6300000,2.00663E+17,2006-01-17,,1,영업/정상,1,,,,,,429337119,,,대전광역시 대덕구 석봉동  307번지 18호 18호,대전광역시 대덕구 석봉북로9번길 18-9 (석봉동),,(주)E.P.T대전,2009-06-01 11:02,I,2019-06-15 2:21,,237928.2415,327594.1635,,,0,0,0,,,,,,,,,7,,
23,응급환자이송업,01_01_07_P,6500000,2.01965E+17,2019-01-22,,1,영업/정상,1,,,,,,647551339,,,제주특별자치도 제주시 오등동  286번지 7호 7호,제주특별자치도 제주시 한북로 270-0 (오등동),,대한응급구조단 911제주구급대,2025-02-25 19:13,U,2025-02-27 2:40,,157416.139,-4215.405889,,0,0,0,0,,,,,,5,1,,8,0,
24,응급환자이송업,01_01_07_P,6280000,2.01963E+17,2019-06-04,,1,영업/정상,1,,,,,,325041339,,,인천광역시 부평구 부개동  229번지 12호 12호,인천광역시 부평구 경인로 1021-0 (부개동),,(주)월드119구급대,2023-06-19 13:47,U,2023-06-21 2:40,,176345.2144,442817.3292,,0,0,0,0,,,,,,4,0,,10,0,
25,응급환자이송업,01_01_07_P,6410000,2.01964E+17,2019-04-05,,1,영업/정상,1,,,,,,313234006,,,경기도 용인시 기흥구 보정동  614번지 3호 3호,경기도 용인시 기흥구 용구대로2469번길 59-0 (보정동),,주식회사 돌핀응급환자이송단,2025-05-22 11:18,U,2025-05-24 2:40,,209213.2525,423353.3669,,0,0,0,0,,,,,,8,1,,14,0,
26,응급환자이송업,01_01_07_P,6410000,2.01964E+17,2019-06-26,,1,영업/정상,1,,,,,,315238080,,,경기도 남양주시 평내동  558번지 3호 3호,경기도 남양주시 평내로 8-0 (평내동),,(주)비사벌메디칼,2024-04-25 11:07,U,2024-04-27 2:40,,220241.7856,460183.0318,,0,0,0,0,,,,,,5,0,,12,0,
27,응급환자이송업,01_01_07_P,6410000,2.01964E+17,2019-06-26,,1,영업/정상,1,,,,,,3118551399,,,경기도 고양시 일산동구 식사동  508번지 1호 1호,경기도 고양시 일산동구 식사로36번길 81-0 (식사동),,(주)골든아워이피티씨,2025-04-24 18:02,U,2025-04-26 2:40,,183628.3892,462657.4755,,0,0,0,0,,,,,,5,1,,8,0,
28,응급환자이송업,01_01_07_P,6410000,2.01964E+17,2019-08-16,,1,영업/정상,1,,,,,,314319999,,,경기도 시흥시 월곶동  1011번지 6호 6호,"경기도 시흥시 월곶중앙로 87-1, 301호 (월곶동)",,주식회사 네오에쓰앤씨,2022-08-08 11:43,U,2022-08-10 2:40,,176524.235,431990.395,,0,0,0,0,,,,,,5,1,,8,0,
29,응급환자이송업,01_01_07_P,6410000,2.01964E+17,2019-08-29,,1,영업/정상,1,,,,,,315590129,,,경기도 남양주시 다산동  6205번지 2호 2호,"경기도 남양주시 다산지금로36번길 21-8, B동 트윈빌딩층 704호 (다산동,트윈빌딩)",,주식회사 프로응급환자이송센터,2025-05-22 11:19,U,2025-05-24 2:40,,214984.9818,456209.7254,,0,0,0,0,,,,,,5,0,,12,0,
30,응급환자이송업,01_01_07_P,6480000,2.02465E+17,2024-11-13,,1,영업/정상,1,,,,,,553321119,,,경상남도 김해시 풍유동  937번지 0호 0호,경상남도 김해시 금관대로 1047-0 (풍유동),,주식회사 경남골든타임응급환자이송단,2025-03-05 13:14,U,2025-03-07 2:40,,368164.9581,192940.1846,,0,0,0,0,,,,,,5,0,,8,0,
31,응급환자이송업,01_01_07_P,6480000,2.01165E+17,2011-06-15,,1,영업/정상,1,,,,,,557442119,,,경상남도 창원시 의창구 팔용동  169번지 3호 3호,경상남도 창원시 의창구 의창대로116번길 20 (팔용동),,주식회사 하트세이버,2025-02-27 13:46,U,2025-03-02 2:40,,346694.1913,196762.2654,,0,0,0,0,,,,,,7,0,,28,0,
32,응급환자이송업,01_01_07_P,6480000,2.01665E+17,2016-03-22,,1,영업/정상,1,,,,,,552223119,,,경상남도 김해시 삼계동  1456번지 9호 9호,경상남도 김해시 가야로157번길 22-8 (삼계동),,비원이엠에스(주),2025-03-17 17:51,U,2025-03-19 2:40,,370465.7039,197609.0189,,0,0,0,0,,,,,,6,0,,8,0,
33,응급환자이송업,01_01_07_P,6270000,2.01563E+17,2015-05-11,,1,영업/정상,1,,,,,,536279999,,,대구광역시 중구 대봉동  189번지 9호 9호,대구광역시 중구 대봉로 200-24 (대봉동),,(주)가톨릭응급,2024-11-26 17:51,U,2024-11-28 2:40,,344753.0804,262975.8702,,0,0,0,0,,,,,,5,0,,9,0,
34,응급환자이송업,01_01_07_P,6270000,2.01763E+17,2017-10-31,,1,영업/정상,1,,,,,,532830911,,,대구광역시 남구 대명동  1225번지 5호 5호,대구광역시 남구 대명복개로1길 39-0 (대명동),,(주)대구911응급환자이송센타,2023-10-11 17:38,U,2023-10-13 2:40,,340951.1603,261256.5898,,0,0,0,0,,,,,,6,0,,,0,
35,응급환자이송업,01_01_07_P,6270000,2.01863E+17,2018-06-11,,1,영업/정상,1,,,,,,536210119,,,대구광역시 남구 대명동  1897번지 4호 4호,대구광역시 남구 현충로 232-0 (대명동),,(주)브이아이피 응급환자이송센터,2020-09-17 15:38,U,2020-09-19 2:40,,342986.8435,262601.0707,,0,0,0,0,,,,,,5,0,,8,0,
36,응급환자이송업,01_01_07_P,6270000,2.00063E+17,2006-12-21,,1,영업/정상,1,,,,,,534250129,,,대구광역시 중구 동문동  13번지 37호 37호,대구광역시 중구 동성로12길 67-0 (동문동),,(주)메디칼응급환자이송단,2025-03-19 17:03,U,2025-03-21 2:40,,344370.8363,264622.0819,,0,0,0,0,,,,,,5,0,,,0,
37,응급환자이송업,01_01_07_P,6270000,2.00263E+17,2002-09-19,,1,영업/정상,1,,,,,,536240129,,,대구광역시 수성구 지산동  989번지 12호 12호,대구광역시 수성구 동대구로14길 28-0 (지산동),,(주)대구응급환자이송센터,2025-03-26 13:56,U,2025-03-28 2:40,,346830.2285,260869.2984,,0,0,0,0,,,,,,0,0,,14,0,
38,응급환자이송업,01_01_07_P,6270000,2.00763E+17,2007-04-20,,1,영업/정상,1,,,,,,536578253,,,대구광역시 남구 대명동  1724번지 6호 6호,대구광역시 남구 현충로 161-1 (대명동),,(주)골든타임응급환자이송센터,2025-05-01 10:48,U,2025-05-03 2:40,,342648.483,261936.3395,,0,0,0,0,,,,,,0,0,,18,0,
39,응급환자이송업,01_01_07_P,6280000,2.00463E+17,2005-05-25,,1,영업/정상,1,,,,,,328750009,,,684번지 5호 2층 5호,인천광역시 남구 한나루로 521 (주안동),,온누리 에스오에스(주),2011-10-30 15:41,I,2018-08-31 23:59,,,,,0,0,0,0,,,,,,0,0,,7,0,
40,응급환자이송업,01_01_07_P,6410000,2.01964E+17,2019-12-24,,1,영업/정상,1,,,,,,319751339,,,경기도 시흥시 대야동  488번지 8호 8호,경기도 시흥시 대야로 7-0 (대야동),,(주)이피티,2024-11-06 17:44,U,2024-11-08 2:40,,181238.4005,438037.658,,0,0,0,0,,,,,,4,1,,6,0,
41,응급환자이송업,01_01_07_P,6460000,2.01965E+17,2019-12-31,,1,영업/정상,1,,,,,,616859585,,,전라남도 여수시 신기동  121번지 5호 5호,전라남도 여수시 시전3길 28-0 (신기동),,중앙911,2025-05-26 9:39,U,2025-05-28 2:40,,261454.111,140200.9883,,0,0,0,0,,,,,,6,0,,10,0,
42,응급환자이송업,01_01_07_P,6540000,2.00065E+17,2000-07-20,,1,영업/정상,1,,,,,,,,,전북특별자치도 익산시 신용동  71번지 30호 30호,전북특별자치도 익산시 익산대로76길 33-3 (신용동),,(유)전북응급이송이엠에스,2024-12-13 10:37,U,2024-12-16 2:40,,196171.6833,274856.4757,,0,0,0,0,,,,,,5,1,,,0,
43,응급환자이송업,01_01_07_P,6540000,2.00565E+17,2005-09-22,,1,영업/정상,1,,,,,,632751339,,,전북특별자치도 전주시 덕진구 금암동  1605번지 8호 8호,전북특별자치도 전주시 덕진구 거북바우로 77-0 (금암동),,하나구급센터,2025-03-28 14:10,U,2025-03-31 2:40,,212987.2243,260063.1352,,0,0,0,0,,,,,,5,0,,,0,
44,응급환자이송업,01_01_07_P,6540000,2.01565E+17,2015-05-19,,1,영업/정상,1,,,,,,,,,,전북특별자치도 군산시 팔마로 97 (서흥남동),,(유)응급환자이송일이구,2019-11-06 13:30,I,2024-01-19 1:16,,173942.9836,274870.6267,,0,0,0,0,,,,,,6,0,,5,0,
45,응급환자이송업,01_01_07_P,6540000,2.00865E+17,2008-04-28,,1,영업/정상,1,,,,,,,,,전북특별자치도 김제시 신풍동  587번지 3호 3호,전북특별자치도 김제시 도작8길 76-17 (신풍동),,서해응급이송S.O.S,2024-03-08 17:59,U,2024-03-10 2:40,,190610.9613,255855.9662,,0,0,0,0,,,,,,6,0,,13,0,
46,응급환자이송업,01_01_07_P,6540000,2.01565E+17,2015-05-22,,1,영업/정상,1,,,,,,635340129,,,,전북특별자치도 정읍시 충정로 330 (연지동),,(유)베스트응급환자이송센터,2025-04-30 17:02,U,2025-05-02 2:40,,186186.3299,230577.9827,,0,0,0,0,,,,,,5,0,,7,0,
47,응급환자이송업,01_01_07_P,6540000,2.01665E+17,2016-07-19,,1,영업/정상,1,,,,,,632723234,,,전북특별자치도 전주시 덕진구 진북동  1154번지 7호 7호,전북특별자치도 전주시 덕진구 전주천동로 408-0 (진북동),,(주)국민이엠에스,2025-03-28 14:10,U,2025-03-31 2:40,,211595.4562,258909.881,,0,0,0,0,,,,,,5,0,,8,0,
48,응급환자이송업,01_01_07_P,5690000,2.01957E+17,2019-09-04,,1,영업/정상,1,,,,,,044-866-0129,,,,세종특별자치시 연기면 조뱅이길 33,,충남129환자이송센터 유한회사,2023-08-03 8:54,U,2023-08-05 2:40,,220914.1232,337631.5749,,0,0,0,0,,,,,,5,2,,8,0,
49,응급환자이송업,01_01_07_P,6410000,2.02264E+17,2022-04-06,,1,영업/정상,1,,,,,,3115330129,,,경기도 안산시 단원구 초지동  722번지 4호 4호,경기도 안산시 단원구 광덕3로 33-0 (초지동),,(주)누리이엠에스,2024-05-30 8:26,U,2024-06-01 2:40,,183642.265,423507.76,,0,0,0,0,,,,,,5,0,,3,0,
50,응급환자이송업,01_01_07_P,6530000,2.00864E+17,2008-01-22,,1,영업/정상,1,,,,,,334343119,,,강원특별자치도 홍천군 홍천읍 연봉리 317번지 0호 0호,강원특별자치도 홍천군 홍천읍 무궁화로 9-0,,(주)129구급대,2025-05-26 14:24,U,2025-05-28 2:40,,276694.3137,464772.8549,,0,0,0,0,,,,,,5,6,,11,0,
51,응급환자이송업,01_01_07_P,6530000,2.01064E+17,2010-08-06,,1,영업/정상,1,,,,,,337355119,,,강원특별자치도 원주시 명륜동  120번지 1호 1호,강원특별자치도 원주시 남원로 631-0 (명륜동),,(주)한국 1339,2025-04-07 14:27,U,2025-04-09 2:40,,284281.3441,426855.575,,0,0,0,0,,,,,,7,2,,0,0,
52,응급환자이송업,01_01_07_P,6530000,2.01864E+17,2018-04-27,,1,영업/정상,1,,,,,,332530129,,,강원특별자치도 춘천시 후평동  720번지 10호 10호,강원특별자치도 춘천시 삭주로 160-0 (후평동),,(주)바른인명구조단,2025-04-24 16:48,U,2025-04-26 2:40,,265728.7266,487274.6257,,0,0,0,0,,,,,,15,2,,19,0,
53,응급환자이송업,01_01_07_P,6530000,2.02064E+17,2020-01-08,,1,영업/정상,1,,,,,,335536399,,,강원특별자치도 태백시 문곡동  120번지 0호 유브리안아파트 0호,"강원특별자치도 태백시 편들길 41-0, 상가동 유브리안아파트층 104호 (문곡동,유브리안아파트)",,(주)강원129이송단,2025-05-08 17:17,U,2025-05-10 2:40,,377980.2213,403841.8715,,0,0,0,0,,,,,,10,3,,8,0,
54,응급환자이송업,01_01_07_P,6530000,2.00164E+17,2001-07-20,,1,영업/정상,1,,,,,,336420129,,,강원특별자치도 강릉시 사천면 방동리 610번지 5호 5호,강원특별자치도 강릉시 사천면 방동길 19,,(주)라이프응급환자이송,2011-10-30 13:35,I,2023-06-13 0:00,,363335.2795,480873.2043,,0,0,0,0,,,,,,0,0,,,0,
55,응급환자이송업,01_01_07_P,6530000,2.00164E+17,2001-04-26,,1,영업/정상,1,,,,,,,,,강원특별자치도 강릉시 교동  1730번지 3호 3호,강원특별자치도 강릉시 원대로 35 (교동),,(주)129구급대,2013-04-26 15:47,I,2023-06-13 0:00,,365737.3835,474494.3928,,0,0,0,0,,,,,,0,0,,,0,
56,응급환자이송업,01_01_07_P,6500000,2.02365E+17,2023-06-08,,1,영업/정상,1,,,,,,,,,제주특별자치도 제주시 오등동  1194번지 1호 1호,제주특별자치도 제주시 한북로 83-0 (오등동),,주식회사 제주구급,2023-06-08 12:58,I,2023-06-10 0:19,,155750.0447,-3541.333611,,0,0,0,0,,,,,,5,0,,7,0,
57,응급환자이송업,01_01_07_P,6440000,2.00664E+17,2006-07-04,,1,영업/정상,1,,,,,,416222119,,,충청남도 천안시 서북구 두정동  1005번지 0호 청운빌딩 0호,"충청남도 천안시 서북구 부성6길 31-0, 청운빌딩층 302호 (두정동,청운빌딩)",,(주)하나구급센터,2025-04-22 15:59,U,2025-04-24 2:40,,212165.2853,370498.0915,,0,0,0,0,,,,,,0,0,,12,0,
58,응급환자이송업,01_01_07_P,6440000,2.00064E+17,2000-04-24,,1,영업/정상,1,,,,,,,,,충청남도 천안시 동남구 안서동  457번지,충청남도 천안시 동남구 망향로 171 (안서동),,(주)충청응급환자이송단,2025-05-22 15:12,U,2025-05-24 2:40,,215446.6629,370782.8509,,0,0,0,0,,,,,,0,0,,17,0,
59,응급환자이송업,01_01_07_P,6440000,2.01464E+17,2014-01-16,,1,영업/정상,1,,,,,,419315119,,,충청남도 보령시 청소면 진죽리 394번지 2호 2호,충청남도 보령시 청소면 청소큰길 154,,(주)충남구급이송센터,2025-01-22 14:18,U,2025-01-24 2:40,,163137.197,327113.2339,,0,0,0,0,,,,,,0,0,,10,0,
60,응급환자이송업,01_01_07_P,6440000,2.01464E+17,2014-03-10,,1,영업/정상,1,,,,,,413311129,,,충청남도 예산군 오가면 신석리 16번지 15호 우성아파트상가 15호,"충청남도 예산군 오가면 신석길 161, 우성아파트상가층 201호 (우성아파트상가)",,(주)충남129환자이송센터,2025-04-03 13:19,U,2025-04-05 2:40,,179976.1339,353790.5113,,0,0,0,0,,,,,,0,0,,11,0,
61,응급환자이송업,01_01_07_P,6480000,1.99965E+17,1999-11-05,,1,영업/정상,1,,,,,,559419595,,,경상남도 거창군 거창읍 대평리 1099번지 1호 (주)구오구오응급구조단 1호,경상남도 거창군 거창읍 대평4길 10-0,,(주)구오구오응급구조단,2025-04-07 10:05,U,2025-04-10 2:40,,283062.7018,243150.2072,,0,0,0,0,,,,,,1,0,,11,0,
62,응급환자이송업,01_01_07_P,6480000,2.00265E+17,2002-01-03,,1,영업/정상,1,"분사무소 폐업(통영시 분사무소, 밀양시 분사무소, 양산시 분사무소, 창녕군 분사무소, 고성",,,,,552523119,,,경상남도 창원시 마산회원구 합성동  339번지 15호 15호,경상남도 창원시 마산회원구 팔용로 94 (합성동),,(주)EMS응급환자이송단,2016-12-29 17:24,I,2018-08-31 23:59,,344603.0747,194291.9091,,,0,0,0,,,,,,,,,25,,
63,응급환자이송업,01_01_07_P,6480000,2.00865E+17,2008-03-28,,1,영업/정상,1,,,,,,552379195,,,경상남도 창원시 마산회원구 봉암동  349번지 2호 2호,경상남도 창원시 마산회원구 봉양로 185-0 (봉암동),,(주)중앙구일일구급대,2025-03-28 13:07,U,2025-03-30 2:40,,346220.5807,192111.5366,,0,0,0,0,,,,,,0,0,,22,0,
64,응급환자이송업,01_01_07_P,6480000,2.00865E+17,2008-07-04,,1,영업/정상,1,,,,,,552461339,,,경상남도 창원시 마산합포구 오동동  303번지 4호 4호,경상남도 창원시 마산합포구 해안대로 412 (오동동),,(주)경남응급이송단,2024-12-09 12:40,U,2024-12-11 2:40,,344146.3437,190747.01,,0,0,0,0,,,,,,0,0,,8,0,
65,응급환자이송업,01_01_07_P,6480000,2.01065E+17,2010-05-13,,1,영업/정상,1,,,,,,553886119,,,경상남도 양산시 중부동  138번지 4호 4호,경상남도 양산시 삼일로 136-1 (중부동),,(주)한국응급이송단,2024-12-13 15:47,U,2024-12-15 2:40,,385515.0074,206688.3726,,0,0,0,0,,,,,,0,0,,8,0,
66,응급환자이송업,01_01_07_P,6480000,2.01165E+17,2011-06-15,,1,영업/정상,1,,,,,,557442119,,,경상남도 진주시 상대동  289번지 11호 11호,경상남도 진주시 모덕로64번길 3-2 (상대동),,주식회사 하트세이버,2017-03-29 16:52,I,2018-08-31 23:59,,300565.5978,187461.258,,,0,0,0,,,,,,,,,15,,
67,응급환자이송업,01_01_07_P,6480000,2.01165E+17,2011-11-14,,1,영업/정상,1,,,,,,556492339,,,경상남도 통영시 광도면 안정리 490번지 2호 2호,경상남도 통영시 광도면 호암2길 98-0,,(주)한국에스오에스구급대,2023-12-27 16:03,U,2023-12-29 2:40,,329268.4012,160649.5479,,0,0,0,0,,,,,,0,0,,9,0,
68,응급환자이송업,01_01_07_P,6460000,2.00065E+17,2000-06-30,,1,영업/정상,1,,,,,,,,,,전라남도 강진군 강진읍 송계로 22,,.,2017-06-12 16:01,I,2018-08-31 23:59,,177877.811,126219.5139,,,0,0,0,,,,,,5,0,,,,
69,응급환자이송업,01_01_07_P,6460000,2.00365E+17,2003-07-10,,1,영업/정상,1,,,,,,613341339,,,전라남도 화순군 화순읍 대리 115번지 2호 2호,전라남도 화순군 화순읍 칠충로 56,,육ㆍ해상구조대,2021-05-13 13:58,U,2021-05-15 2:40,,197936.6191,172895.9599,,,0,0,0,,,,,,5,0,,8,,
70,응급환자이송업,01_01_07_P,6460000,2.01165E+17,2011-01-25,,1,영업/정상,1,,,,,,612871339,,,전라남도 목포시 용당동  947번지 109호 109호,전라남도 목포시 용당로 153-2 (용당동),,(유) 한국911구급센터,2025-05-28 17:24,U,2025-05-30 2:40,,145067.8236,144895.1879,,0,0,0,0,,,,,,5,0,,11,0,
71,응급환자이송업,01_01_07_P,6460000,2.01165E+17,2011-03-15,,1,영업/정상,1,,,,,,612450129,,,전라남도 목포시 용해동  210번지 3호 3호,전라남도 목포시 영산로 355-1 (용해동),,대한구조단,2024-10-08 17:19,U,2024-10-10 2:40,,145428.0969,145477.4725,,0,0,0,0,,,,,,5,0,,8,0,
72,응급환자이송업,01_01_07_P,6460000,2.01465E+17,2014-03-11,,1,영업/정상,1,,,,,,613749575,,,전라남도 화순군 화순읍 대리 115번지 2호 2호,전라남도 화순군 화순읍 칠충로 56-0,,제일이송단,2024-06-17 15:51,U,2024-06-19 2:40,,197936.6191,172895.9599,,0,0,0,0,,,,,,6,0,,10,0,
73,응급환자이송업,01_01_07_P,6460000,2.01665E+17,2016-07-21,,1,영업/정상,1,,,,,,614340129,,,,전라남도 강진군 강진읍 보은로안길 18-1,,(유)남도응급환자이송단,2024-06-17 15:49,U,2024-06-19 2:40,,179043.8397,126624.4133,,0,0,0,0,,,,,,5,0,,8,0,
74,응급환자이송업,01_01_07_P,6460000,2.01665E+17,2016-07-25,,1,영업/정상,1,,,,,,617211339,,,전라남도 순천시 풍덕동  861번지 4호 4호,전라남도 순천시 남산로 162-0 (풍덕동),,(주)다온구일일구급센터,2025-02-26 17:13,U,2025-02-28 2:40,,246147.2818,160335.0261,,0,0,0,0,,,,,,8,0,,13,0,
75,응급환자이송업,01_01_07_P,6460000,2.01765E+17,2017-04-24,,1,영업/정상,1,,,,,,617410129,,,전라남도 순천시 연향동  1370번지 16호 2층 16호,전라남도 순천시 장자보3길 30-1 (연향동),,(유)129이송센터,2025-05-26 9:38,U,2025-05-28 2:40,,246970.7615,160949.4092,,0,0,0,0,,,,,,5,0,,8,0,
76,응급환자이송업,01_01_07_P,6280000,2.02263E+17,2022-08-25,,1,영업/정상,1,,,,,,325671339,,,인천광역시 서구 가정동  619번지 3호 3호,"인천광역시 서구 염곡로 472-0, 404호 (가정동)",,(주)인천1339에이엠에스,2024-02-27 10:25,U,2024-02-29 2:40,,170736.1953,447227.4765,,0,0,0,0,,,,,,6,0,,,0,
77,응급환자이송업,01_01_07_P,6410000,2.02164E+17,2021-12-16,,1,영업/정상,1,,,,,,,,,경기도 성남시 분당구 궁내동  210번지 15호 15호,경기도 성남시 분당구 대왕판교로 278-0 (궁내동),,주식회사 코리아모빌케어,2024-01-10 13:12,U,2024-01-12 2:40,,208983.8944,429623.6035,,0,0,0,0,,,,,,5,1,,8,0,
78,응급환자이송업,01_01_07_P,6500000,2.02365E+17,2023-05-27,,1,영업/정상,1,,,,,,,,,제주특별자치도 제주시 오등동  1194번지 1호 1호,제주특별자치도 제주시 한북로 83-0 (오등동),,주식회사 제주구급,2024-07-08 20:46,U,2024-07-10 2:40,,155750.0447,-3541.333611,,0,0,0,0,,,,,,5,0,,7,0,
79,응급환자이송업,01_01_07_P,6270000,2.02363E+17,2023-04-14,,1,영업/정상,1,,,,,,537160101,,,대구광역시 수성구 만촌동  413번지 6호 만촌우방하이츠 6호,"대구광역시 수성구 화랑로 26-0, 만촌우방하이츠층 (만촌동,만촌우방하이츠)",,(주)코드블루,2025-03-13 17:39,U,2025-03-15 2:40,,347321.6867,264404.1952,,0,0,0,0,,,,,,5,0,,8,0,
80,응급환자이송업,01_01_07_P,6430000,2.02464E+17,2024-04-24,,1,영업/정상,1,,,,,,432180129,,,충청북도 청주시 청원구 사천동  446번지 9호 9호,"충청북도 청주시 청원구 율봉로 14-0, 106호 (사천동)",,(주)직지응급환자이송단,2024-04-24 8:43,I,2024-04-26 0:14,,242205.513,351334.419,,0,0,0,0,,,,,,0,0,,,0,
81,응급환자이송업,01_01_07_P,6410000,2.02464E+17,2024-05-28,,1,영업/정상,1,,,,,,,,,경기도 의정부시 금오동  439번지 0호 을지타워 0호,"경기도 의정부시 동일로 713-0, 을지타워층 (금오동,을지타워)",,(주)사설129응급환자이송센터,2025-05-22 11:18,U,2025-05-24 2:40,,204368.9639,471993.4173,,0,0,0,0,,,,,,6,0,,11,0,
82,응급환자이송업,01_01_07_P,6440000,2.00064E+17,2006-05-10,,1,영업/정상,1,,,,,,,,,충청남도 천안시 동남구 신부동  18번지 6호 6호,충청남도 천안시 동남구 망향로 48-2 (신부동),,(주)129응급환자이송단,2024-01-19 14:09,U,2024-01-21 2:40,,215020.1328,369619.7757,,0,0,0,0,,,,,,0,0,,16,0,
83,응급환자이송업,01_01_07_P,6410000,2.00464E+17,2004-09-01,,1,영업/정상,1,,,,,,316630129,,,308번지 17호 유진빌딩 17호,"경기도 부천시 장말로 273-0, 유진빌딩층 (심곡동,유진빌딩)",,(주)경기구급센터,2024-09-19 11:32,U,2024-09-21 2:40,,,,,0,0,0,0,,,,,,6,2,,9,0,
84,응급환자이송업,01_01_07_P,6410000,2.00164E+17,2006-12-01,,1,영업/정상,1,,,,,,319651290,,,경기도 고양시 일산서구 덕이동  1270번지 6호 6호,경기도 고양시 일산서구 덕산로 250 (덕이동),,(주)하나구급센터,2015-11-09 11:23,I,2018-08-31 23:59,,176187.4171,465867.5563,,0,0,0,0,,,,,,0,0,,25,0,
85,응급환자이송업,01_01_07_P,6410000,2.00964E+17,2009-06-11,,1,영업/정상,1,,,,,,316339112,,,,경기도 시흥시 월곶중앙로46번길 28-1 (월곶동),,(주)네오메딕,2018-08-06 13:45,I,2018-08-31 23:59,,177091.9869,432077.7292,,0,0,0,0,,,,,,5,0,,8,0,
86,응급환자이송업,01_01_07_P,6410000,2.01264E+17,2012-10-08,,1,영업/정상,1,,,,,,312441339,,,경기도 수원시 팔달구 지동  480번지 0호 늘푸른오스카빌 0호,"경기도 수원시 팔달구 팔달문로 120-0, 늘푸른오스카빌층 (지동,늘푸른오스카빌)",,(주)경기이엠에스,2024-07-16 9:38,U,2024-07-18 2:40,,202524.4552,419980.7137,,0,0,0,0,,,,,,11,3,,11,0,
87,응급환자이송업,01_01_07_P,6410000,2.01464E+17,2014-07-17,,1,영업/정상,1,,,,,,318861339,,,,경기도 동두천시 동광로52번길 21 (생연동),,(주)케이비이구급센터,2014-07-17 10:02,I,2018-08-31 23:59,,204668.2238,489437.3986,,0,0,0,0,,,,,,4,2,,4,0,
88,응급환자이송업,01_01_07_P,6410000,2.01464E+17,2014-07-17,,1,영업/정상,1,,,,,,318861339,,,,경기도 동두천시 동광로52번길 21 (생연동),,(주)케이비이구급센터,2014-07-17 10:02,I,2018-08-31 23:59,,204668.2238,489437.3986,,0,0,0,0,,,,,,4,2,,4,0,
89,응급환자이송업,01_01_07_P,6410000,2.01464E+17,2014-07-17,,1,영업/정상,1,,,,,,318833129,,,258번지 4호 4호,경기도 여주시 능서면 마장로 48,,(주)케이비이구급센터,2025-02-24 14:52,U,2025-02-26 2:40,,250519.7743,422034.8854,,0,0,0,0,,,,,,5,1,,9,0,
90,응급환자이송업,01_01_07_P,6410000,2.01564E+17,2015-02-27,,1,영업/정상,1,,,,,,314100129,,,경기도 안산시 상록구 이동  708번지 6호 6호,경기도 안산시 상록구 양지편2길 80 (이동),,주식회사 중앙129,2025-01-19 14:52,U,2025-01-21 2:40,,186651.4149,423061.8646,,0,0,0,0,,,,,,7,0,,9,0,
91,응급환자이송업,01_01_07_P,6410000,2.01564E+17,2015-05-29,,1,영업/정상,1,,,,,,314544129,,,경기도 군포시 당정동  1004번지 2호 성원프라자 2호,"경기도 군포시 고산로211번길 31-0, 성원프라자층 206호 (당정동,성원프라자)",,(주)건국환자이송센터,2025-03-02 13:39,U,2025-03-04 2:40,,195581.2383,426880.8102,,0,0,0,0,,,,,,4,1,,8,0,
92,응급환자이송업,01_01_07_P,6410000,2.01564E+17,2015-05-01,,1,영업/정상,1,,,,,,,,,,"경기도 부천시 소사구 경인로 552, 302호 (괴안동)",,(주)서경응급구조단,2023-10-19 11:15,U,2023-10-21 2:40,,,,,0,0,0,0,,,,,,5,0,,10,0,
93,응급환자이송업,01_01_07_P,6410000,1.99964E+17,1999-11-05,,1,영업/정상,1,,,,,,,,,경기도 수원시 팔달구 우만동  562번지 10호 10호,경기도 수원시 팔달구 경수대로 600 (우만동),,이엠에스환자이송(주),2019-06-12 15:08,U,2019-06-14 2:40,,202687.8425,419705.333,,0,0,0,0,,,,,,6,2,,,0,
94,응급환자이송업,01_01_07_P,6410000,2.01564E+17,2015-12-14,,1,영업/정상,1,,,,,,315711333,,,,경기도 남양주시 화도읍 묵현로14번길 19,,(주)경기1339구급대,2019-03-26 13:53,U,2019-03-28 2:40,,225635.5595,461842.5396,,0,0,0,0,,,,,,0,0,,13,0,
95,응급환자이송업,01_01_07_P,6410000,2.01564E+17,2015-12-14,,1,영업/정상,1,,,,,,315271336,,,,경기도 남양주시 퇴계원면 퇴계원로 지하 1,,(주)경기 1339구급대,2016-05-14 12:47,I,2018-08-31 23:59,,,,,0,0,0,0,,,,,,5,0,,7,0,
96,응급환자이송업,01_01_07_P,6410000,2.01664E+17,2016-01-07,,1,영업/정상,1,,,,,,316830129,,,경기도 평택시 안중읍 대반리 1번지 8호 8호,경기도 평택시 안중읍 대반길 22-0,,(주)구일일인명구급대,2025-04-07 21:20,U,2025-04-09 2:40,,195290.638,387851.861,,0,0,0,0,,,,,,13,2,,20,0,
97,응급환자이송업,01_01_07_P,6410000,2.01664E+17,2016-06-27,,1,영업/정상,1,,,,,,315013119,,,,경기도 안산시 상록구 샘골로 97 (본오동),,(주)경기인명구급대,2018-11-28 13:00,U,2018-11-30 2:40,,187751.6712,421176.782,,0,0,0,0,,,,,,5,0,,8,0,
98,응급환자이송업,01_01_07_P,6410000,2.01764E+17,2017-02-07,,1,영업/정상,1,,,,,,312670129,,,경기도 수원시 영통구 원천동  573번지 0호 0호,경기도 수원시 영통구 광교중앙로37번길 28-0 (원천동),,(주)하나이엠에스,2025-05-22 11:19,U,2025-05-24 2:40,,204421.8692,419619.0809,,0,0,0,0,,,,,,5,0,,10,0,
99,응급환자이송업,01_01_07_P,6410000,2.01064E+17,2010-02-19,,1,영업/정상,1,,,,,,315333911,,,경기도 포천시 소흘읍 이동교리 374번지 138호 138호,"경기도 포천시 소흘읍 호국로287번길 11-0, 나동",,주식회사 에이엠에스코리아,2024-07-15 17:07,U,2024-07-17 2:40,,211144.181,477517.3335,,0,0,0,0,,,,,,0,0,,8,0,
100,응급환자이송업,01_01_07_P,6410000,2.01764E+17,2017-11-30,,1,영업/정상,1,,,,,,313381339,,,경기도 용인시 처인구 포곡읍 마성리 269번지 1호 하이퍼링크 1호,경기도 용인시 처인구 포곡읍 석성로 867-0,,(주) 129한국이엠에스,2025-02-19 16:29,U,2025-02-21 2:40,,217010.3567,419691.9708,,0,0,0,0,,,,,,6,0,,8,0,
101,응급환자이송업,01_01_07_P,6410000,2.01264E+17,2012-09-28,,1,영업/정상,1,,,,,,317576622,,,경기도 성남시 분당구 야탑동  74번지 6호 좌봉 6호,"경기도 성남시 분당구 새나리로 65-0, 좌봉층 (야탑동,좌봉)",,(주)에스오에스(S.O.S),2025-04-09 17:56,U,2025-04-11 2:40,,214294.3605,433521.7449,,0,0,0,0,,,,,,5,0,,8,0,
102,응급환자이송업,01_01_07_P,6290000,2.01063E+17,2010-10-11,,1,영업/정상,1,,,,,,622349575,,,,광주광역시 동구 화산로351번길 4 (용산동),,메디칼이송단,2024-04-11 16:24,U,2024-04-13 2:40,,193755.3223,180139.5962,,0,0,0,0,,,,,,5,0,,10,0,
103,응급환자이송업,01_01_07_P,6290000,2.01663E+17,2016-09-12,,1,영업/정상,1,,,,,,623677777,,,,"광주광역시 서구 매월2로15번길 16, 101동 매월종합상가층 213호 (매월동,매월종합상가)",,(유)한국SOS구급센터,2025-02-21 9:59,U,2025-02-23 2:40,,187185.9835,179858.6735,,0,0,0,0,,,,,,6,0,,10,0,
104,응급환자이송업,01_01_07_P,6290000,2.01663E+17,2016-10-10,,1,영업/정상,1,,,,,,622239110,,,광주광역시 동구 학동  276번지 8호 8호,광주광역시 동구 의재로43번길 33-0 (학동),,(주)팀코리아이엠에스,2024-07-30 7:03,U,2024-08-01 2:40,,193998.8434,181479.0741,,0,0,0,0,,,,,,5,0,,8,0,
105,응급환자이송업,01_01_07_P,6290000,2.00263E+17,2002-05-01,,1,영업/정상,1,,,,,,622347119,,,광주광역시 북구 두암동  594-3,,,빛고을응급환자이송센터,2006-11-17 9:10,I,2018-08-31 23:59,,,,,,0,0,0,,,,,,,,,13,,
106,응급환자이송업,01_01_07_P,6290000,2.00463E+17,2004-02-05,,1,영업/정상,1,,,,,,622235129,,,광주광역시 동구 소태동  855번지 2호 2호,광주광역시 동구 남문로 643 (소태동),,광주응급환자이송단,2025-01-14 16:05,U,2025-01-16 2:40,,193562.2158,180996.1562,,0,0,0,0,,,,,,5,0,,8,0,
107,응급환자이송업,01_01_07_P,6270000,2.02063E+17,2020-04-01,,1,영업/정상,1,,,,,,536210119,,,대구광역시 남구 대명동  2139번지 11호 계명대학교 11호,"대구광역시 남구 명덕로 104-0, 계명대학교층 101호 (대명동,계명대학교)",,(주)대구브이아이피응급환자이송센터,2025-03-05 10:04,U,2025-03-07 2:40,,342632.8441,262643.9022,,0,0,0,0,,,,,,5,1,,8,0,
108,응급환자이송업,01_01_07_P,6410000,2.02164E+17,2021-10-18,,1,영업/정상,1,,,,,,319089116,,,경기도 고양시 일산동구 식사동  493번지 12호 12호,경기도 고양시 일산동구 식사로36번길 63-0 (식사동),,케이쿱3119협동조합,2025-04-20 10:32,U,2025-04-22 2:40,,183707.762,462737.6038,,0,0,0,0,,,,,,6,1,,13,0,
109,응급환자이송업,01_01_07_P,6440000,2.02364E+17,2023-02-22,,1,영업/정상,1,,,,,,419776129,,,충청남도 홍성군 홍성읍 옥암리 318번지 7호 7호,충청남도 홍성군 홍성읍 충서로 1237-0,,(주)홍성내포구급차,2025-04-01 11:19,U,2025-04-03 2:40,,169190.6939,342910.4409,,0,0,0,0,,,,,,5,0,,8,0,
110,응급환자이송업,01_01_07_P,6410000,2.02364E+17,2023-03-17,,1,영업/정상,1,,,,,,,,,경기도 파주시 조리읍 봉일천리 5번지 31호 31호,경기도 파주시 조리읍 통일로 136-0,,(주)라이프응급환자이송센터,2025-05-22 11:19,U,2025-05-24 2:40,,184697.356,470403.8432,,0,0,0,0,,,,,,5,0,,8,0,
111,응급환자이송업,01_01_07_P,6430000,2.02364E+17,2023-02-07,,1,영업/정상,1,,,,,,432919111,,,충청북도 청주시 서원구 산남동  567번지 0호 0호,"충청북도 청주시 서원구 두꺼비로78번길 21-0, 302호 (산남동)",,(주)대한구급센터,2023-07-11 10:56,U,2023-07-13 2:40,,241590.427,345713.4145,,0,0,0,0,,,,,,5,0,,8,0,
112,응급환자이송업,01_01_07_P,6410000,2.02464E+17,2024-01-24,,1,영업/정상,1,,,,,,,,,경기도 성남시 수정구 단대동  164번지 3호 제6-2호 3호,"경기도 성남시 수정구 수정로 460-0, 제6-2호층 (단대동,제6-2호)",,(주)바른이엠에스,2024-09-19 11:32,U,2024-09-21 2:40,,213839.6096,438445.5767,,0,0,0,0,,,,,,5,0,,8,0,
113,응급환자이송업,01_01_07_P,6440000,2.02464E+17,2024-03-19,,1,영업/정상,1,,,,,,413560129,,,충청남도 당진시 시곡동  145번지 0호 0호,충청남도 당진시 상목길 6-0 (시곡동),,당진시구급차,2025-03-07 16:04,U,2025-03-09 2:40,,170748.5565,377982.3655,,0,0,0,0,,,,,,5,0,,8,0,
114,응급환자이송업,01_01_07_P,6310000,2.02463E+17,2024-03-08,,1,영업/정상,1,,,,,,522442444,,,울산광역시 중구 옥교동  320번지 26호 26호,울산광역시 중구 옥교6길 46-0 (옥교동),,(주)우리응급환자이송단,2024-10-16 9:53,U,2024-10-18 2:40,,410942.4917,230586.3902,,0,0,0,0,,,,,,5,1,,8,0,
115,응급환자이송업,01_01_07_P,6410000,2.02064E+17,2020-07-22,,1,영업/정상,1,,,,,,314380119,,,경기도 안산시 상록구 사동  1527번지 5호 5호,"경기도 안산시 상록구 천문로 11-0, 201호 (사동)",,(주)이엠에스탑,2023-07-06 17:01,U,2023-07-08 2:40,,186184.5724,422607.2641,,0,0,0,0,,,,,,5,1,,11,0,
116,응급환자이송업,01_01_07_P,6410000,2.02164E+17,2021-07-13,,1,영업/정상,1,,,,,,316710911,,,경기도 화성시 매송면 야목리 1306번지 0호 0호,경기도 화성시 매송면 매송로360번길 3-0,,주식회사 샵911,2025-01-19 14:51,U,2025-01-21 2:40,,189207.2756,418163.3449,,0,0,0,0,,,,,,7,2,,7,0,
117,응급환자이송업,01_01_07_P,6410000,2.02164E+17,2021-09-25,,1,영업/정상,1,,,,,,,,,경기도 구리시 인창동  474번지 0호 건영아파트상가동 0호,"경기도 구리시 동구릉로 155-0, 건영아파트상가동층 B01호 (인창동,건영아파트상가동)",,(주)1339구급센터,2021-09-25 19:07,U,2021-09-27 2:40,,212001.2962,456684.491,,0,0,0,0,,,,,,0,0,,,0,
118,응급환자이송업,01_01_07_P,6310000,2.02163E+17,2021-08-09,,1,영업/정상,1,,,,,,522236666,,,울산광역시 중구 남외동  956번지 25호 25호,울산광역시 중구 구교로 216-0 (남외동),,(주)울산에스오에스이송센타,2025-03-17 11:39,U,2025-03-19 2:40,,412301.0425,231836.8577,,0,0,0,0,,,,,,6,6,,11,0,
119,응급환자이송업,01_01_07_P,6440000,2.02264E+17,2022-12-07,,1,영업/정상,1,,,,,,415339129,,,충청남도 아산시 초사동  643번지 5호 5호,충청남도 아산시 신정로 208-0 (초사동),,(주)충남구급센타,2025-03-07 16:06,U,2025-03-09 2:40,,197297.3873,360194.3399,,0,0,0,0,,,,,,5,0,,12,0,
120,응급환자이송업,01_01_07_P,6410000,2.02164E+17,2021-05-27,,1,영업/정상,1,,,,,,319941197,,,경기도 화성시 봉담읍 수기리 49번지 5호 5호,경기도 화성시 봉담읍 수기안길 4-0,,(주)앰불콜사설구급이송,2023-07-25 19:37,U,2023-07-27 2:40,,197956.1341,410831.2973,,0,0,0,0,,,,,,5,2,,8,0,
121,응급환자이송업,01_01_07_P,6480000,2.02165E+17,2021-03-24,,1,영업/정상,1,,,,,,556880129,,,경상남도 거제시 옥포동  529번지 14호 보광센츄어리3차 14호,경상남도 거제시 옥포대첩로 17-0 (옥포동),,주식회사 제일응급,2024-12-19 17:07,U,2024-12-21 2:40,,354366.3758,156292.8327,,0,0,0,0,,,,,,5,0,,,0,
122,응급환자이송업,01_01_07_P,6310000,2.00363E+17,2003-04-24,,1,영업/정상,1,,,,,,522520000,,,울산광역시 중구 학성동  56번지 0호 0호,울산광역시 중구 서원13길 3-0 (학성동),,(주)울산응급환자이송단,2022-07-21 9:54,U,2022-07-23 2:40,,411857.9107,231046.649,,0,0,0,0,,,,,,0,0,,0,0,
123,응급환자이송업,01_01_07_P,6310000,2.00763E+17,2007-04-10,,1,영업/정상,1,,,,,,522614911,,,울산광역시 남구 신정동  159번지 9호 9호,울산광역시 남구 돋질로139번길 38-1 (신정동),,(주)현대응급이송센타,2025-03-17 11:52,U,2025-03-19 2:40,,410296.5321,229574.8967,,0,0,0,0,,,,,,6,1,,9,0,
124,응급환자이송업,01_01_07_P,6310000,2.00863E+17,2008-08-12,,1,영업/정상,1,,,,,,522931339,,,울산광역시 중구 학성동  56번지 0호 0호,울산광역시 중구 서원13길 3-0 (학성동),,(주)중앙응급환자이송단,2025-04-10 14:52,U,2025-04-12 2:40,,411857.9107,231046.649,,0,0,0,0,,,,,,7,4,,11,0,
125,응급환자이송업,01_01_07_P,6410000,2.02064E+17,2020-10-05,,1,영업/정상,1,,,,,,318664119,,,경기도 동두천시 송내동  709번지 11호 11호,경기도 동두천시 평화로2185번길 23-0 (송내동),,(주)이엠에스보람,2023-04-20 17:43,U,2023-04-23 2:40,,204808.8515,486778.8271,,0,0,0,0,,,,,,5,0,,8,0,
126,응급환자이송업,01_01_07_P,6280000,2.02063E+17,2020-11-10,,1,영업/정상,1,,,,,,325849911,,,인천광역시 서구 가좌동  482번지 1호 GJ가좌타워지식산업센터 1호,"인천광역시 서구 백범로630번길 16-0, GJ가좌타워지식산업센터층 221,222호 (가좌동,GJ가좌타워지식산업센터)",,(주)911응급환자이송단,2025-05-14 16:51,U,2025-05-16 2:40,,172206.0174,441919.284,,0,0,0,0,,,,,,8,0,,14,0,
127,응급환자이송업,01_01_07_P,6410000,2.02264E+17,2022-09-06,,1,영업/정상,1,,,,,,,,,경기도 고양시 일산서구 대화동  2299번지 6호 6호,경기도 고양시 일산서구 일산로803번길 42-0 (대화동),,(주)이엠에스천사,2025-04-20 10:32,U,2025-04-22 2:40,,177812.0377,463224.5886,,0,0,0,0,,,,,,5,0,,16,0,
128,응급환자이송업,01_01_07_P,6280000,2.02163E+17,2021-04-23,,1,영업/정상,1,,,,,,325638911,,,인천광역시 서구 심곡동  335번지 8호 샘내상가 8호,"인천광역시 서구 승학로235번길 18-0, 샘내상가층 (심곡동,샘내상가)",,(주)경인응급구조단,2025-04-09 9:14,U,2025-04-11 2:40,,170810.2713,449094.4922,,0,0,0,0,,,,,,5,0,,9,0,
129,응급환자이송업,01_01_07_P,6280000,2.02163E+17,2021-12-30,,1,영업/정상,1,,,,,,325221190,,,인천광역시 서구 석남동  544번지 0호 0호,인천광역시 서구 면개포로 34-0 (석남동),,(주)우리119이엠에스,2024-11-11 10:57,U,2024-11-13 2:40,,171027.2846,444918.6876,,0,0,0,0,,,,,,6,0,,10,0,
130,응급환자이송업,01_01_07_P,6290000,2.02063E+17,2020-08-31,,1,영업/정상,1,,,,,,,,,광주광역시 남구 양림동  24번지 1호 (유)프로응급환자이송센터 1호,"광주광역시 남구 천변좌로 454-0, (유)프로응급환자이송센터층 (양림동,(유)프로응급환자이송센터)",,(유)프로응급환자이송센터,2024-03-06 15:23,U,2024-03-08 2:40,,192467.2395,182304.768,,0,0,0,0,,,,,,5,0,,8,0,
131,응급환자이송업,01_01_07_P,6430000,2.02164E+17,2021-03-02,,1,영업/정상,1,,,,,,432720129,,,충청북도 청주시 흥덕구 봉명동  2449번지 0호 청주파비뇽아울렛 가동 0호,"충청북도 청주시 흥덕구 월명로 212-0, 가동 청주파비뇽아울렛층 C-102호호 (봉명동,청주파비뇽아울렛)",,(주)국제응급환자이송센터,2023-08-30 10:08,U,2023-09-01 2:40,,240618.0936,350373.7256,,0,0,0,0,,,,,,5,0,,22,0,
132,응급환자이송업,01_01_07_P,6440000,2.02164E+17,2021-02-17,,1,영업/정상,1,,,,,,,,,충청남도 홍성군 홍성읍 옥암리 1109번지 0호 프라자21 0호,"충청남도 홍성군 홍성읍 내포로 239-0, 프라자21층 201-3,4호 (프라자21)",,(주)129이엠에스응급센터,2021-02-17 9:09,I,2021-02-19 0:23,,168139.7409,343348.1716,,,0,0,0,,,,,,5,0,,,,
133,응급환자이송업,01_01_07_P,6410000,2.02164E+17,2021-03-23,,1,영업/정상,1,,,,,,316660129,,,경기도 평택시 이충동  649번지 5호 1층 5호,경기도 평택시 이충로13번길 223-0 (이충동),,(주)중앙이엠에스,2023-08-01 14:21,U,2023-08-03 2:40,,205641.2717,395106.102,,0,0,0,0,,,,,,5,0,,7,0,
134,응급환자이송업,01_01_07_P,6440000,2.02164E+17,2021-02-05,,1,영업/정상,1,,,,,,,,,충청남도 홍성군 홍성읍 옥암리 1109번지 0호 프라자21 0호,"충청남도 홍성군 홍성읍 내포로 239-0, 프라자21층 201-3,4호 (프라자21)",,(주)129이엠에스응급센터,2021-02-10 16:09,I,2021-02-12 0:23,,168139.7409,343348.1716,,,0,0,0,,,,,,5,0,,,,
135,응급환자이송업,01_01_07_P,6430000,2.00164E+17,2001-10-31,,1,영업/정상,1,,,,,,432221129,,,충청북도 청주시 서원구 미평동  138번지 0호 0호,"충청북도 청주시 서원구 청남로1887번길 9-0, D동 (미평동)",,주식회사 충북응급환자이송단,2024-05-10 10:39,U,2024-05-12 2:40,,242530.0285,344737.5802,,0,0,0,0,,,,,,0,0,,,0,
136,응급환자이송업,01_01_07_P,6430000,2.00264E+17,2002-05-01,,1,영업/정상,1,,,,,,438571129,,,충청북도 충주시 금릉동  153번지 11호 이레빌딩 11호,"충청북도 충주시 금봉대로 840-0, 이레빌딩층 302호 (금릉동,이레빌딩)",,주)중앙응급환자이송단,2023-10-18 14:01,U,2023-10-20 2:40,,282311.9423,388442.8631,,0,0,0,0,,,,,,0,0,,16,0,
137,응급환자이송업,01_01_07_P,6430000,2.00964E+17,2009-01-06,,1,영업/정상,1,,,,,,438531129,,,충청북도 충주시 문화동  608번지 0호 0호,충청북도 충주시 중앙로 25-0 (문화동),,(주)응급일이구,2022-10-12 10:42,U,2022-10-14 2:40,,282407.07,386113.7672,,0,0,0,0,,,,,,0,0,,11,0,
138,응급환자이송업,01_01_07_P,6430000,2.01064E+17,2010-11-01,,1,영업/정상,1,,,,,,432640129,,,충청북도 청주시 흥덕구 봉명동  796번지 0호 0호,"충청북도 청주시 흥덕구 1순환로577번길 3-0, 204호 (봉명동)",,(주)충청구급이송센터,2020-05-20 19:07,U,2020-05-22 2:40,,241239.8626,349057.245,,,0,0,0,,,,,,,,,14,,
139,응급환자이송업,01_01_07_P,6430000,2.01464E+17,2014-01-08,,1,영업/정상,1,,,,,,436522119,,,충청북도 제천시 화산동  105번지 5호 5호,충청북도 제천시 의림대로6길 16-2 (화산동),,(주)내토응급환자이송단,2024-05-04 9:34,U,2024-05-06 2:40,,307340.1078,403930.0656,,0,0,0,0,,,,,,0,0,,8,0,
140,응급환자이송업,01_01_07_P,6410000,2.01864E+17,2018-10-19,,1,영업/정상,1,,,,,,317571475,,,경기도 성남시 중원구 도촌동  589번지 0호 0호,경기도 성남시 중원구 도촌로 25-4 (도촌동),,주식회사 이엠에스프로,2025-04-20 10:31,U,2025-04-22 2:40,,213253.5749,434952.3516,,0,0,0,0,,,,,,7,0,,8,0,
141,응급환자이송업,01_01_07_P,6290000,2.02563E+17,2025-04-17,,1,영업/정상,1,,,,,,622361191,,,광주광역시 동구 소태동  656번지 5호 5호,광주광역시 동구 남문로 600-0 (소태동),,주식회사 달구,2025-04-17 13:46,I,2025-04-19 0:10,,193753.2045,180608.6689,,0,0,0,0,,,,,,5,0,,8,0,
142,응급환자이송업,01_01_07_P,6410000,2.02564E+17,2025-04-07,,1,영업/정상,1,,,,,,,,,경기도 군포시 당정동  1004번지 2호 성원프라자 2호,"경기도 군포시 고산로211번길 31-0, 성원프라자층 206호 (당정동,성원프라자)",,협동조합 오성,2025-04-07 21:21,I,2025-04-09 0:10,,195581.2383,426880.8102,,0,0,0,0,,,,,,5,0,,6,0,
143,응급환자이송업,01_01_07_P,6410000,2.02564E+17,2025-04-07,,1,영업/정상,1,,,,,,,,,경기도 안산시 상록구 이동  718번지 2호 썬프라자 2호,"경기도 안산시 상록구 중보로 31-0, 썬프라자층 204호 (이동,썬프라자)",,주식회사 선한이엠에스,2025-04-07 21:32,I,2025-04-09 0:10,,186668.7838,422733.6941,,0,0,0,0,,,,,,0,5,,8,0,
144,응급환자이송업,01_01_07_P,6280000,2.02263E+17,2022-09-08,,1,영업/정상,1,응급환자이송업,,,,,324390999,,,인천광역시 미추홀구 주안동  1482번지 23호 23호,"인천광역시 미추홀구 인주대로 423-0, 201호 (주안동)",,(주)인천999응급구조단,2024-01-03 16:29,U,2024-01-05 2:40,,171934.4468,438853.7588,,0,0,0,0,,,,,,5,0,,8,0,
145,응급환자이송업,01_01_07_P,6410000,2.02264E+17,2022-08-25,,1,영업/정상,1,,,,,,,,,경기도 수원시 권선구 권선동  1248번지 0호 동진주차장 0호,"경기도 수원시 권선구 세권로 236-0, 동진주차장층 (권선동,동진주차장)",,(주)을지케어,2023-07-25 19:33,U,2023-07-27 2:40,,202567.8838,416901.4587,,0,0,0,0,,,,,,8,0,,10,0,
146,응급환자이송업,01_01_07_P,6270000,2.02263E+17,2022-07-12,,1,영업/정상,1,,,,,,532199111,,,대구광역시 달서구 본리동  369번지 4호 4호,대구광역시 달서구 와룡로16길 37-0 (본리동),,(주)플러스응급이송센터,2025-02-28 10:20,U,2025-03-02 2:40,,338996.7716,261002.9811,,0,0,0,0,,,,,,5,0,,8,0,
147,응급환자이송업,01_01_07_P,6480000,2.01865E+17,2021-01-21,,1,영업/정상,1,,,,,,553388119,,,경상남도 김해시 흥동  917번지 8호 8호,경상남도 김해시 칠산로 457-0 (흥동),,(주)신세계911,2023-08-29 11:43,U,2023-08-31 2:40,,368638.2454,191947.5685,,0,0,0,0,,,,,,0,0,,8,0,
148,응급환자이송업,01_01_07_P,6410000,2.01864E+17,2018-12-21,,1,영업/정상,1,,,,,,312860365,,,경기도 용인시 기흥구 신갈동  50번지 5호 동신빌딩 5호,"경기도 용인시 기흥구 신구로 17-0, 동신빌딩층 301호 (신갈동,동신빌딩)",,주식회사 365구급대,2025-05-22 11:19,U,2025-05-24 2:40,,209626.1423,419082.965,,0,0,0,0,,,,,,5,0,,8,0,
149,응급환자이송업,01_01_07_P,6410000,2.02064E+17,2020-11-25,,1,영업/정상,1,,,,,,316350119,,,경기도 의정부시 금오동  215번지 11호 11호,경기도 의정부시 중금로 1-0 (금오동),,(주)사마리안,2025-02-06 20:46,U,2025-02-08 2:40,,205775.0794,472300.8348,,0,0,0,0,,,,,,5,0,,9,0,
150,응급환자이송업,01_01_07_P,6410000,2.02264E+17,2022-06-14,,1,영업/정상,1,,,,,,,,,343번지 0호 0호,경기도 부천시 부일로405번길 38-0 (심곡동),,(주)129메디컬,2025-04-20 10:31,U,2025-04-22 2:40,,,,,0,0,0,0,,,,,,5,1,,8,0,
151,응급환자이송업,01_01_07_P,6530000,2.02465E+17,2024-12-31,,1,영업/정상,1,,,,,,332525129,,,"강원특별자치도 춘천시 동면 만천리 589번지 4호 만천로81,2층 4호",강원특별자치도 춘천시 동면 만천로 81-0,,(주)강원129구급대,2024-12-29 10:29,U,2024-12-31 2:40,,267211.4818,486628.9343,,0,0,0,0,,,,,,5,0,,,0,
152,응급환자이송업,01_01_07_P,6530000,2.02465E+17,2024-12-29,,1,영업/정상,1,,,,,,332525129,,,"강원특별자치도 춘천시 동면 만천리 589번지 4호 만천로81,2층 4호",강원특별자치도 춘천시 동면 만천로 81-0,,(주)강원129구급대,2024-12-29 11:11,I,2024-12-31 0:11,,267211.4818,486628.9343,,0,0,0,0,,,,,,5,0,,,0,
153,응급환자이송업,01_01_07_P,6480000,2.00265E+17,2002-01-03,,1,영업/정상,1,,,2025-01-20,2026-01-19,,,,,경상남도 창원시 마산회원구 양덕동  157번지 25호 25호,경상남도 창원시 마산회원구 양덕동2길 73-0 (양덕동),,(주)EMS,2025-01-20 18:16,U,2025-01-23 2:40,,344556.8724,192859.6707,,0,0,0,0,,,,,,0,0,,,0,
154,응급환자이송업,01_01_07_P,6540000,2.02465E+17,2024-12-16,,1,영업/정상,1,,,,,,,,,전북특별자치도 군산시 조촌동  755번지 7호 7호,"전북특별자치도 군산시 법원로 57-0, 103호 (조촌동)",,(유)전북구급센터,2025-01-21 15:03,U,2025-01-23 2:40,,176490.6661,274157.94,,0,0,0,0,,,,,,5,0,,8,0,
155,응급환자이송업,01_01_07_P,6480000,2.02565E+17,2025-01-24,,1,영업/정상,1,,,,,,556741164,,,경상남도 고성군 고성읍 성내리 335번지 3호 3호,경상남도 고성군 고성읍 성내로 118-0,,주식회사 레스큐라이프,2025-03-28 13:05,U,2025-03-30 2:40,,320572.5499,164694.3033,,0,0,0,0,,,,,,5,0,,8,0,
156,응급환자이송업,01_01_07_P,6540000,2.02565E+17,2025-01-15,,1,영업/정상,1,,,,,,,,,전북특별자치도 군산시 조촌동  755번지 7호 7호,"전북특별자치도 군산시 법원로 57-0, 103호 (조촌동)",,(유)전북구급센터,2025-01-20 11:20,U,2025-01-22 2:40,,176490.6661,274157.94,,0,0,0,0,,,,,,5,0,,8,0,
157,응급환자이송업,01_01_07_P,6410000,2.00764E+17,2007-06-08,,3,폐업,3,,2023-11-30,,,,319222229,,,경기도 고양시 덕양구 토당동  373번지 12호 하남빌딩 12호,"경기도 고양시 덕양구 지도로 53-0, 하남빌딩층 (토당동,하남빌딩)",,(주)우리구급센터,2023-11-30 13:59,U,2025-03-20 17:59,,184425.9277,457758.2809,,0,0,0,0,,,,,,11,6,,8,0,
158,응급환자이송업,01_01_07_P,6410000,1.99964E+17,2007-01-03,,3,폐업,3,,2019-07-11,,,,312671339,,,경기도 수원시 영통구 원천동  573번지,"경기도 수원시 영통구 광교중앙로37번길 28, 101호 (원천동)",,(주)하나구급센터,2019-07-11 18:16,U,2025-03-20 17:59,,204421.8692,419619.0809,,0,0,0,0,,,,,,0,0,,0,0,
159,응급환자이송업,01_01_07_P,6410000,2.01264E+17,2012-11-21,,3,폐업,3,정부24 서식민원접수,2020-04-02,,,,708721111,,,경기도 용인시 기흥구 구갈동  566번지 3호 3층 3호,"경기도 용인시 기흥구 강남서로58번길 1-0, 301호 (구갈동)",,(주)코리아앰블런스,2020-04-02 15:46,U,2025-03-20 17:59,,211381.4338,419365.9382,,0,0,0,0,,,,,,1,0,,1,0,
